{"cameraMode":{"drawMode":0,"name":"Shaded","section":"Shading Mode"},"sceneLighting":false,"audioPlay":false,"sceneViewState":{"m_AlwaysRefresh":true,"showFog":true,"showSkybox":true,"showFlares":true,"showImageEffects":true,"showParticleSystems":true,"showVisualEffectGraphs":true,"m_FxEnabled":true},"in2DMode":false,"pivot":{"x":-1.1607627868652344,"y":1.0000004768371583,"z":-1.5203120708465577},"rotation":{"x":-0.21135009825229646,"y":-0.5543389916419983,"z":0.14805756509304048,"w":-0.7912927269935608},"size":7.6957550048828129,"orthographic":true}